category,behavior_events,purchase_events,active_users,purchase_users
6344,93059,2208,4157,825
1863,393247,2000,5997,1252
5232,144200,1611,4972,954
6977,26410,1324,716,82
8877,67689,1072,2309,617
6513,295768,1059,5288,698
5399,281739,1054,5312,651
3424,54325,1053,2478,706
3472,55024,1038,3075,462
7957,47180,997,1929,245
5894,330207,958,5279,605
1838,55532,919,3165,580
10392,97029,866,3832,518
10894,138782,865,4523,592
5027,334280,858,5499,627
13230,356773,841,5619,564
9516,86683,828,2638,442
3064,112805,806,1991,331
4370,121728,775,4518,494
11279,187056,722,4715,585
2825,163626,625,4551,413
10431,43203,614,1791,288
3628,73705,583,3759,475
11824,71109,578,3051,400
7767,27767,578,2086,272
2993,51549,572,2839,431
5689,116029,563,4053,361
11537,21445,548,1776,281
8291,40238,545,2452,327
3673,57804,534,3211,413
1083,69782,530,3467,350
11623,46020,495,3041,360
2513,51836,490,2505,341
552,63879,488,3392,363
2901,15164,484,994,280
14079,98190,479,3592,368
8771,14787,458,1207,176
11552,78214,439,3981,374
4269,32485,438,2185,319
3662,33544,437,2339,329
13041,30326,427,1294,142
3381,88586,406,4152,346
3660,28653,398,1755,347
9397,27228,387,2175,286
6717,8992,384,516,108
3783,66274,375,3062,258
6054,78048,374,3526,245
2949,1907,373,810,309
508,46608,371,2141,276
446,14478,370,1542,218
12067,24060,369,1561,277
3798,27839,358,2245,232
1121,43752,358,2473,223
874,24408,353,1403,247
9412,18224,348,1472,200
3368,16797,347,959,198
10507,11127,346,1052,254
10984,24123,340,1557,193
5271,67523,339,2442,243
12569,14994,336,1560,169
9179,26639,335,1871,174
6648,65046,329,2583,308
5503,72765,328,3277,230
3099,31762,328,2518,248
1421,16111,327,1250,220
5468,19449,320,919,217
13500,20126,319,1181,188
9614,26119,319,1928,302
6512,35164,310,1818,216
9517,61687,307,2282,155
5751,7083,306,352,57
6000,107606,301,4594,258
7549,18585,296,1589,215
8586,7996,291,827,135
1674,8821,282,873,141
6255,52087,275,3131,200
13338,25017,267,1626,127
10661,34603,267,1657,183
10121,3385,267,638,129
9261,22128,263,1409,176
292,18435,263,1422,155
4333,13349,252,581,117
3760,11934,251,611,86
10703,17904,247,1557,212
4676,42816,246,2673,205
9247,45027,242,2075,190
8099,15770,239,1054,208
10961,21576,236,2158,171
2284,27841,234,1459,171
13926,6920,230,701,137
12630,28629,229,1085,140
7831,7625,225,953,154
7876,18582,224,1083,168
4245,17669,224,1179,134
6576,13686,223,1497,147
12685,8076,221,950,122
12189,15893,221,726,58
5388,28520,219,915,110
8095,27263,218,2246,181
5623,7446,218,838,136
675,7909,216,871,141
12753,8291,215,487,50
10079,7245,214,737,106
4264,23093,212,1252,155
12855,35183,211,2024,122
9807,12715,210,1285,112
7572,11507,210,1189,168
3944,6104,210,724,128
5550,6110,207,597,171
11406,28654,206,1557,128
11178,7917,206,916,157
10523,18872,205,1499,180
7312,16425,204,1461,105
7440,20600,199,1784,170
3252,33141,198,2091,152
11497,5317,197,605,113
7606,7004,197,813,153
9720,10957,195,1260,149
8874,18487,193,1325,75
11652,25388,191,2250,169
9559,43875,186,2680,162
3431,13495,186,1137,136
1843,38070,186,2728,162
7590,5152,185,692,150
10533,67119,184,3382,125
6936,11694,184,1357,167
3942,13598,184,881,160
2950,7809,184,853,113
814,8240,182,635,51
11376,7178,181,695,136
10223,26387,179,2108,138
3988,5291,177,354,70
9541,19318,176,1831,132
3475,9231,175,599,86
5204,18545,173,1260,100
7195,26420,171,1870,97
2883,34402,169,2210,139
5533,7961,167,842,161
12328,22404,166,1445,137
12982,11627,165,1274,142
3625,3359,165,451,89
9053,9778,164,1139,138
1509,4045,164,601,121
8744,3998,162,539,112
5395,96878,162,2891,118
4560,2586,160,450,92
5273,11662,158,1114,96
11757,11174,157,998,123
3960,8739,157,601,95
8864,15853,156,1115,85
284,7226,155,840,86
2153,7604,154,850,120
6697,5059,151,467,128
6327,14946,149,1334,102
6226,15669,149,1399,116
8254,5247,147,695,141
8796,5007,146,714,102
10901,18623,144,1327,89
1303,7771,141,848,97
1723,4210,140,590,114
8860,11632,139,1265,118
12170,8579,138,717,126
12553,6784,137,613,134
9569,11692,137,945,80
8956,12069,137,1213,103
11311,7141,136,577,126
7516,5154,136,387,37
7995,40812,135,1301,71
889,11146,135,1090,88
7639,3184,134,375,92
11750,2322,133,224,39
3093,3965,133,548,94
9552,10305,132,966,94
939,11382,132,705,81
12294,4768,131,525,124
242,16131,131,1320,90
6828,6936,130,681,104
6424,3794,129,544,110
438,4452,129,596,93
12304,6165,127,580,110
9790,10567,127,1195,95
11330,4355,126,375,54
9835,25390,126,2196,92
7712,4456,126,426,60
3544,23826,126,2003,120
1230,4887,126,696,90
9001,5482,125,793,80
8537,3316,125,269,53
7299,7205,125,568,66
10015,4223,124,547,100
1877,4278,124,504,95
231,7940,124,700,109
12326,8782,123,805,83
10804,4576,123,460,104
6045,4369,123,570,50
12090,28538,122,1783,115
5661,3270,122,373,34
11241,33458,121,995,61
8010,3249,121,241,34
3156,18518,120,1297,69
12863,18549,119,742,84
5454,7236,119,898,93
4640,20057,119,1713,110
8077,7109,117,601,50
9899,3142,116,162,46
13381,10917,115,465,84
5908,12048,114,1244,84
7103,24936,113,1709,89
437,26242,113,2259,101
2261,8882,112,789,93
11489,6309,111,714,103
2828,4528,111,539,54
14033,6265,110,739,65
9579,10327,110,717,69
8792,4765,110,490,107
4898,7548,110,704,77
12135,3706,109,257,54
13515,3812,108,546,71
989,19679,108,983,58
11991,19412,107,1023,96
10412,6224,107,669,88
6417,7622,107,532,89
13712,4890,105,505,77
9444,5149,105,515,97
7753,4136,105,269,23
603,4904,105,770,49
11335,5373,104,378,26
8161,14503,104,963,59
5649,2401,104,440,80
3709,3326,104,492,86
1346,3389,104,413,52
3852,6102,103,649,57
11914,6937,102,642,87
436,13657,102,1148,82
12406,4272,101,408,69
9598,7799,101,863,94
7928,2236,101,210,53
4747,6422,101,356,39
3846,4834,101,523,84
7021,2342,100,371,79
6531,2655,100,383,39
13152,6112,99,375,45
5017,7266,99,926,96
3940,8606,99,293,55
9856,4376,98,271,44
7917,4559,98,574,84
4721,7344,98,947,95
2730,3480,97,507,82
7146,2520,96,283,65
6460,5324,95,611,65
7344,13070,94,1196,65
4582,14776,94,895,86
4365,2145,94,373,75
3793,3045,93,533,71
630,4048,93,412,55
13038,5565,92,559,64
10356,7737,92,826,64
10049,31432,92,2384,67
7117,1778,92,225,34
1963,5769,92,508,76
13332,3574,91,326,31
8986,11472,91,770,68
8179,7707,91,918,72
5867,16940,91,801,48
4435,4518,91,554,74
3378,5402,91,345,21
6742,2858,90,441,71
2254,3376,90,349,81
881,4603,90,571,65
6253,4267,89,401,74
11140,5204,88,716,79
8409,2007,88,373,63
150,5236,88,492,70
12488,30906,86,2314,75
5993,5409,86,435,61
2866,2123,86,342,75
13932,1827,85,118,41
4276,2890,85,355,21
13971,3584,84,491,83
10908,1546,84,204,34
6825,5008,84,479,60
4190,6103,84,704,59
3975,5532,84,495,34
3321,5015,84,410,79
1797,8855,84,814,68
451,9733,84,1203,57
4364,5736,83,371,30
4329,3087,83,186,67
10314,21476,82,1711,71
3879,4034,82,444,66
8662,3684,81,501,68
3067,3463,81,275,63
9970,2710,80,441,56
8749,2215,80,367,66
7619,2586,80,291,56
13455,3156,79,501,67
12740,1489,79,242,38
5944,3759,79,589,55
2631,2653,79,491,52
2040,2226,79,389,54
12973,7480,78,621,70
11774,2943,78,494,67
5319,1867,78,213,51
1518,7714,78,796,70
1488,24973,78,1881,68
1310,1856,78,189,30
10258,8238,77,637,42
3502,5875,77,571,56
13186,4021,76,447,61
10686,4754,76,646,72
1396,12531,76,909,63
732,2843,76,429,70
13092,3940,75,160,35
10135,4875,75,656,63
10029,2136,75,338,60
3000,2759,75,438,71
1968,14269,75,1227,54
10271,7467,74,717,68
8930,6685,74,686,35
7404,1839,74,157,32
4111,5301,74,558,65
3979,6259,74,643,55
2252,3271,74,477,59
10472,2552,73,327,36
8561,12841,73,1040,52
13547,4592,72,678,62
11756,5532,72,628,62
13288,5906,71,534,62
10590,8439,71,1077,52
9942,4427,71,363,31
6669,5374,71,551,63
4250,3723,71,326,28
9017,4187,70,522,33
8575,2832,70,219,42
7467,4169,70,347,49
5919,1083,70,236,44
4584,9521,70,937,57
4583,1573,70,143,42
10236,3044,69,298,41
3924,1474,69,293,46
1969,2046,69,241,37
11589,3497,68,422,60
10275,7942,68,763,44
9909,2729,68,391,54
7229,1021,68,142,36
1370,4017,68,295,60
198,10339,68,631,50
12184,6565,67,509,49
10187,2890,67,362,55
7079,3506,67,834,50
6228,7267,67,835,62
5002,2826,67,368,62
4999,6780,67,1403,64
4830,20803,67,795,54
110,1422,67,155,16
13727,12450,66,478,33
11296,8110,66,564,58
6795,4855,66,719,62
5065,2536,66,291,54
1427,8186,66,620,26
10460,6579,65,468,59
9354,1788,65,250,39
8829,1592,65,74,5
8371,1646,65,330,58
8040,3167,65,462,46
7691,1097,65,79,10
3898,6147,65,310,49
3324,1784,65,196,52
2953,42324,65,2171,55
1096,1361,65,249,45
11270,4224,64,460,44
6020,2440,64,253,35
94,5795,64,605,62
7880,5763,63,470,24
1308,10237,63,835,58
8132,5678,62,852,40
3222,1799,62,235,36
107,7862,62,870,55
9130,6450,61,643,52
8709,3864,61,318,55
5653,28758,61,2512,51
3925,3361,61,389,46
7850,2543,60,459,43
4778,12260,60,718,35
4677,2759,60,415,51
4396,1812,60,337,35
3046,3801,60,517,50
2656,5784,60,562,55
12368,6513,59,696,46
12230,11979,59,1280,51
10662,3360,59,423,55
9561,1012,59,204,27
7167,3880,59,601,55
13852,5173,58,578,52
12370,2702,58,279,46
11103,5399,58,317,20
9847,6329,58,510,51
9829,3682,58,636,53
8665,6827,58,536,34
6575,4309,58,489,41
6321,2614,58,481,33
4817,1601,58,124,30
1361,2658,58,343,46
12479,2934,57,194,21
10753,6129,57,646,50
8365,5058,57,463,45
6304,1487,57,171,40
6194,2101,57,215,44
4008,7936,57,594,47
3275,5164,57,667,54
1173,1588,57,277,48
1005,1120,57,146,35
12015,1229,56,247,35
11895,2198,56,383,50
11304,1700,56,328,24
10290,7406,56,412,47
6991,2756,56,411,46
4213,5638,56,431,30
2204,1603,56,267,45
220,2049,56,231,36
13985,2031,55,375,52
11821,4392,55,553,40
7791,4228,55,444,51
6724,8438,55,636,23
4670,3897,55,351,52
9205,8946,54,436,49
7266,1770,54,249,22
5553,4896,54,592,50
4593,2368,54,340,23
2010,2230,54,165,26
1032,2418,54,292,36
12570,3014,53,349,44
12345,6996,53,822,38
8854,3118,53,497,45
6431,3186,53,408,41
5466,1794,53,294,37
1483,7718,53,876,50
232,2821,53,171,42
12251,1291,52,159,19
12158,2539,52,344,47
11599,1323,52,186,33
9580,1202,52,233,41
5513,6593,52,939,38
3636,1529,52,143,30
1854,14222,52,777,44
13598,1375,51,95,21
13305,1798,51,214,38
11981,6294,51,794,42
9280,2170,51,312,48
8681,3314,51,340,32
7929,6392,51,860,34
6256,4987,51,484,45
5915,1983,51,351,41
5444,1282,51,120,7
4382,2448,51,285,44
2754,4900,51,526,46
12823,1211,50,177,32
11834,9160,50,651,42
10798,1536,50,161,44
10567,16170,50,981,46
9638,4306,50,319,15
9232,3541,50,455,46
8270,12237,50,763,40
6794,3066,50,411,46
2490,2681,50,447,47
1504,1626,50,289,37
1317,1579,50,171,18
13541,1787,49,160,27
13378,2822,49,423,40
12141,11614,49,1080,37
8664,7208,49,845,47
6689,4794,49,667,32
4296,34739,49,1546,32
3271,4504,49,659,48
13396,1901,48,238,42
11687,1971,48,470,43
11324,1449,48,189,23
10265,5064,48,712,42
6564,1719,48,142,19
6331,1493,48,159,7
4991,1418,48,140,23
887,4874,48,360,40
12652,1389,47,222,38
12626,1563,47,173,17
11691,2656,47,251,31
10012,2591,47,160,27
9820,11479,47,957,36
9693,6371,47,593,35
6307,1605,47,265,36
4739,1424,47,229,38
3090,3356,47,440,31
2054,1102,47,182,37
2042,1170,47,259,41
13308,1054,46,192,39
11879,1897,46,238,37
9762,4723,46,280,38
6209,22416,46,1158,30
5600,2798,46,471,43
5263,9496,46,507,31
4195,1647,46,308,24
2551,3868,46,516,29
2511,2893,46,488,32
983,3384,46,415,33
13590,3212,45,292,42
13393,1600,45,141,44
10920,4492,45,494,43
10072,7257,45,978,40
9372,1306,45,151,40
8650,10596,45,915,37
3956,3218,45,578,34
3087,1201,45,152,15
13404,2586,44,276,38
10975,2234,44,346,32
9276,2412,44,388,31
8088,1637,44,270,26
5201,5458,44,708,41
4636,1907,44,210,36
13963,2366,43,295,17
10930,1488,43,96,17
10875,7841,43,946,34
9100,3631,43,233,12
8879,1773,43,227,29
6287,2482,43,353,27
3833,3722,43,460,22
2683,2752,43,283,38
1080,3462,43,264,29
13374,3052,42,400,32
11721,3927,42,419,35
11034,1434,42,319,26
10250,3270,42,564,27
8666,1384,42,218,22
7939,6139,42,426,20
5749,19527,42,1764,28
4405,2293,42,341,32
2610,7310,42,664,35
1604,1229,42,149,23
1519,5987,42,526,34
940,2675,42,353,36
215,7228,42,703,33
12249,2624,41,220,17
11327,2525,41,382,9
11281,1053,41,177,18
9503,4595,41,464,36
8126,6266,41,804,31
2413,1253,41,134,35
2313,2954,41,480,33
10740,15780,40,642,25
9816,3451,40,458,33
7911,2638,40,276,35
7551,2425,40,193,18
3827,2462,40,286,28
3509,1347,40,236,35
3397,8155,40,552,26
2130,1221,40,148,31
512,2420,40,345,23
13915,1049,39,56,25
12741,2637,39,296,33
11802,1108,39,156,22
9637,1557,39,87,9
9576,2353,39,178,13
9278,2056,39,248,31
7768,1517,39,173,9
7322,4862,39,235,23
6402,4101,39,526,34
5376,6578,39,793,15
4181,1104,39,217,31
13807,1845,38,228,28
12147,8283,38,359,26
11894,1653,38,301,29
11695,1107,38,224,26
11499,1948,38,264,25
9258,1448,38,259,28
7580,3198,38,486,32
4153,1738,38,351,23
4116,15222,38,933,33
3330,1354,38,212,23
1720,2383,38,181,23
1385,9971,38,878,37
13729,1875,37,321,31
11956,1252,37,287,34
11618,5049,37,356,27
11307,5502,37,579,32
6655,1688,37,262,32
4605,5172,37,505,33
3561,1067,37,234,32
1169,7184,37,421,29
11492,2812,36,202,30
9388,1058,36,150,24
9363,17449,36,1381,27
9155,1647,36,211,32
9102,2676,36,426,32
8943,1702,36,285,35
7582,5280,36,558,24
7296,1076,36,198,32
6678,2327,36,233,31
6541,5261,36,594,35
4280,2261,36,406,26
4110,1431,36,293,34
2839,1536,36,247,33
2679,1476,36,175,27
738,1210,36,113,21
12744,7541,35,563,30
11680,1376,35,95,6
9944,1448,35,140,35
9334,2885,35,306,31
7023,1531,35,240,14
5988,1900,35,350,30
4690,1147,35,164,27
4627,1394,35,185,28
4438,1076,35,106,21
893,2518,35,141,9
484,2683,35,288,29
13599,4181,34,404,18
13280,5058,34,616,32
12311,6396,34,530,32
12268,1380,34,148,26
12221,8931,34,614,32
10569,1730,34,363,30
9618,3854,34,401,27
8066,1160,34,156,30
7393,9635,34,509,32
6400,1674,34,203,27
6121,2294,34,323,31
4520,6335,34,574,26
2649,1832,34,357,25
1810,3845,34,423,27
12172,3676,33,578,24
9752,6149,33,745,27
9298,3638,33,446,31
8300,2252,33,314,29
8141,1838,33,298,21
6516,1978,33,293,33
5492,2607,33,323,25
3747,1452,33,203,18
1029,1763,33,223,32
733,4198,33,538,30
12760,1016,32,153,25
12441,4328,32,457,31
12097,2679,32,393,30
10722,3219,32,284,25
10520,4893,32,588,29
10344,8556,32,697,26
10242,19934,32,1103,27
9413,2726,32,195,15
7182,2003,32,264,30
6986,3075,32,533,28
6248,2296,32,469,26
6059,1866,32,272,28
5625,2152,32,265,26
5447,1525,32,318,26
4962,2105,32,321,32
4322,3204,32,351,24
3176,2513,32,259,18
14038,4835,31,592,28
12683,3366,31,313,30
10364,2435,31,274,20
9960,1291,31,201,30
9933,5151,31,486,22
9540,1926,31,225,23
8147,1277,31,116,26
7311,2189,31,329,30
6211,1047,31,265,20
5985,1322,31,122,26
2797,1178,31,94,17
2380,1115,31,208,28
905,2285,31,321,27
895,14428,31,1411,20
856,2207,31,226,22
483,1135,31,160,30
108,3049,31,415,27
12919,5692,30,552,26
11135,2477,30,411,20
10544,11233,30,564,30
10501,2690,30,429,27
8765,3077,30,415,25
8104,1050,30,75,11
6945,4933,30,318,27
5699,5386,30,384,28
5477,2755,30,478,30
4540,2229,30,314,26
4076,4373,30,499,29
2347,1763,30,227,18
1337,4148,30,469,28
14061,2066,29,266,28
13763,3968,29,570,25
12721,1614,29,201,22
12536,1971,29,253,25
9229,1277,29,77,18
7601,2526,29,331,24
7033,4418,29,467,29
3690,2087,29,325,24
3476,1094,29,133,16
3081,1977,29,252,26
2158,1904,29,285,22
1392,3903,29,246,17
836,2006,29,259,27
782,1922,29,304,23
769,1512,29,125,11
14041,1013,28,154,22
12693,1381,28,222,25
12680,1811,28,305,22
11797,3261,28,333,23
10609,2091,28,237,27
10338,1156,28,212,26
10283,1175,28,167,26
8480,2146,28,355,21
8007,2453,28,329,21
7350,12098,28,998,22
6084,2387,28,246,18
2936,1615,28,249,28
2909,1203,28,160,26
13619,3927,27,387,27
12137,1251,27,235,22
11379,3460,27,358,22
10380,1002,27,159,17
7645,1947,27,282,24
6748,1113,27,164,18
6673,1593,27,257,25
6272,2169,27,307,19
5898,1385,27,63,7
3074,4546,27,525,23
3015,6954,27,492,26
2463,1674,27,245,19
2431,1329,27,298,22
1126,1110,27,205,20
13853,4124,26,563,24
13028,1831,26,200,20
12261,2822,26,394,25
11771,2189,26,199,22
11606,1045,26,83,21
10725,1049,26,61,10
9396,3913,26,335,21
3464,2736,26,369,18
2029,3852,26,459,25
1956,1671,26,311,24
13713,2487,25,308,14
13425,1184,25,158,9
13050,2510,25,359,21
12621,1716,25,190,15
12582,1669,25,148,21
12398,1946,25,311,23
10846,1480,25,205,20
9605,1258,25,207,24
9518,5218,25,544,22
8892,1028,25,178,20
8849,2987,25,399,20
8685,1758,25,209,17
8583,3019,25,323,23
7811,2654,25,354,24
5879,1317,25,129,18
5822,4231,25,508,22
5727,5562,25,334,21
5494,2078,25,264,23
5446,1665,25,301,18
4273,1661,25,273,22
4097,2281,25,328,22
3528,3492,25,852,15
2302,1048,25,199,24
1954,1114,25,247,21
1486,1557,25,302,24
363,5223,25,319,18
169,1785,25,123,13
13980,1626,24,264,22
12913,1607,24,156,24
12790,2917,24,392,22
12387,1107,24,187,19
11952,1663,24,325,19
11840,2213,24,99,18
11622,2336,24,320,21
10524,3442,24,126,11
7727,1024,24,202,20
5372,1191,24,161,24
4387,1367,24,174,20
1650,3221,24,582,21
1408,1888,24,171,24
1159,2319,24,245,17
909,2077,24,345,19
784,3221,24,249,15
13698,1630,23,250,15
13087,1186,23,137,21
13042,1563,23,228,20
13007,1057,23,186,22
12512,3717,23,373,22
12100,2774,23,239,23
11625,1669,23,321,20
10585,1099,23,186,18
8595,1671,23,241,22
7898,1067,23,217,21
7401,1413,23,252,20
5522,1430,23,294,14
5354,1856,23,316,21
4372,1061,23,171,19
4230,1361,23,290,22
2226,1586,23,293,20
767,5765,23,460,23
13003,4391,22,305,21
12380,1806,22,205,21
11508,2517,22,111,15
11477,1325,22,198,17
10762,1219,22,235,22
10529,1517,22,309,19
8004,1492,22,118,22
7720,1751,22,199,16
6924,1172,22,150,19
5701,1763,22,253,19
2667,3168,22,437,20
2298,2055,22,276,18
1686,1283,22,154,11
1199,1713,22,106,12
12584,1391,21,171,14
11493,1492,21,196,21
11039,3384,21,233,14
9311,1319,21,154,11
9307,1770,21,327,18
9297,1812,21,174,19
7618,1723,21,245,20
7143,1236,21,118,20
7032,2110,21,206,18
5165,1080,21,192,16
4954,2403,21,401,19
4753,5922,21,399,19
4588,3038,21,458,17
2373,1114,21,155,21
1741,5659,21,592,17
1267,2206,21,114,15
879,1385,21,275,21
316,3021,21,373,15
13911,1368,20,196,11
12968,1396,20,200,19
12778,1382,20,208,7
12564,3158,20,466,17
12551,2411,20,410,19
9789,2102,20,152,19
8405,1048,20,186,15
8043,1774,20,290,20
7985,2789,20,224,18
7766,2164,20,277,20
7452,1469,20,184,13
7405,1039,20,87,14
7273,1219,20,250,18
5084,4647,20,256,15
4704,1800,20,110,15
4282,1703,20,372,17
4254,8067,20,1139,15
3245,1190,20,161,17
883,1730,20,227,19
444,4079,20,250,14
56,2470,20,291,16
14024,1495,19,145,18
13759,1189,19,132,14
12658,4913,19,272,16
11273,1054,19,143,17
9849,1646,19,253,10
8951,2172,19,233,14
5692,1181,19,204,16
5571,7379,19,825,15
4832,1518,19,305,16
4455,1042,19,157,14
4371,2180,19,331,17
3656,3519,19,525,17
3358,1480,19,197,9
3056,2693,19,375,18
2605,2287,19,413,19
2334,5352,19,455,17
13730,2248,18,240,16
12560,1032,18,133,17
12386,1881,18,190,15
11763,5061,18,562,18
11339,2833,18,362,11
9784,3257,18,314,14
8649,3867,18,668,14
8432,2077,18,318,17
7955,6048,18,421,8
7061,1334,18,203,18
4561,2635,18,326,13
4247,4411,18,305,16
3111,4294,18,391,15
2947,1362,18,202,18
2048,2340,18,332,16
2016,1479,18,172,15
1183,1002,18,195,12
493,1133,18,152,7
12998,1732,17,156,14
11992,1019,17,88,6
11837,1346,17,86,10
9896,1829,17,145,12
9491,1055,17,198,16
8280,2073,17,243,15
8159,1428,17,254,14
7711,1742,17,192,14
6792,1092,17,218,14
6267,1336,17,138,12
5981,2023,17,314,12
5842,1098,17,250,14
4864,3190,17,331,15
4303,1472,17,146,16
1116,2083,17,218,8
888,2267,17,209,14
13773,1908,16,328,13
11685,1408,16,199,10
10973,1909,16,130,12
10481,13018,16,949,15
10464,1156,16,196,15
9753,4744,16,453,15
9401,4035,16,217,8
8491,1736,16,233,16
7297,1391,16,172,9
6824,2068,16,215,12
6793,1173,16,119,10
6744,1085,16,100,16
6264,1063,16,169,15
6235,2605,16,342,13
3865,1087,16,166,16
3682,1389,16,238,13
3670,1342,16,244,14
1990,2267,16,382,16
1477,1604,16,146,13
1098,3773,16,449,15
987,1649,16,218,12
13664,2258,15,429,14
12819,3412,15,211,10
12615,2036,15,269,8
12388,10851,15,883,12
11475,3304,15,292,15
10659,1089,15,196,10
10010,1331,15,246,12
9279,2312,15,197,10
9090,1557,15,218,12
8484,1374,15,213,14
8373,2747,15,314,14
7971,1592,15,154,14
7622,1182,15,42,9
7276,1140,15,178,12
6964,1073,15,237,9
6247,2122,15,204,11
5899,1414,15,153,14
5809,4222,15,723,13
5752,3442,15,285,12
5320,1879,15,236,12
4949,1313,15,194,12
4025,1556,15,182,7
2177,1675,15,120,8
2170,1942,15,185,12
1198,1432,15,223,14
849,1630,15,194,15
492,11311,15,983,12
281,1044,15,182,11
13840,1262,14,96,6
13823,5413,14,430,12
13769,1016,14,210,12
12837,1120,14,129,13
12245,1670,14,231,12
12239,2087,14,275,12
11904,2770,14,503,12
11564,1440,14,226,13
11062,1577,14,149,9
10576,3852,14,229,13
10304,1201,14,152,14
10213,2533,14,421,14
9719,1050,14,119,11
7951,1834,14,168,6
6367,2335,14,97,10
5801,1646,14,264,14
5360,2446,14,272,11
5351,1962,14,373,14
4688,1118,14,123,13
4210,1564,14,234,12
2939,1218,14,220,10
2535,1043,14,154,11
725,1617,14,167,13
606,1252,14,186,14
11047,1113,13,160,11
10983,1321,13,155,7
10678,1522,13,233,12
10063,3178,13,426,11
5881,1273,13,137,9
5340,1136,13,196,11
4701,3094,13,383,13
4531,1511,13,112,12
4159,1196,13,212,13
3723,1632,13,318,12
3200,2361,13,366,12
1860,2307,13,237,10
1807,2001,13,294,12
1048,1540,13,229,8
590,1545,13,61,3
43,1148,13,79,10
13846,4534,12,542,10
13269,2581,12,319,12
12540,1000,12,121,11
11917,2199,12,295,11
11909,2128,12,275,10
11219,1885,12,272,12
10734,1853,12,296,12
10322,1064,12,222,12
10137,1740,12,236,8
9881,1508,12,229,8
9101,1346,12,145,9
8216,1132,12,220,5
6518,1163,12,245,11
6168,1421,12,207,10
6091,1473,12,265,8
5932,2257,12,273,11
5480,3299,12,408,11
5276,1074,12,229,11
5127,2769,12,430,12
4127,1638,12,252,7
2771,2446,12,236,7
705,1058,12,115,11
11159,4473,11,414,5
9526,1867,11,241,11
9224,1444,11,143,11
9191,1128,11,198,11
9086,5376,11,561,10
8967,1034,11,137,6
7708,3621,11,373,11
5930,1249,11,213,9
5635,1038,11,218,10
4625,5080,11,166,5
4310,1142,11,146,9
2255,1655,11,263,11
1324,1246,11,233,10
1215,1656,11,140,11
574,3705,11,433,10
155,1711,11,133,10
11076,1465,10,206,10
10785,2480,10,466,9
10216,2066,10,137,10
9959,1746,10,211,9
9948,1130,10,160,10
9938,1496,10,140,9
9833,1871,10,323,9
8990,2409,10,194,9
7966,1482,10,232,9
7354,1272,10,242,8
6677,1404,10,261,7
6562,1051,10,138,10
5332,1965,10,284,10
5329,1386,10,190,9
5141,2717,10,255,10
3687,15460,10,517,10
2931,1704,10,120,7
2395,1705,10,209,9
2291,1702,10,84,9
1564,2944,10,448,8
1250,1262,10,186,10
1190,1055,10,141,9
432,1850,10,224,9
288,2612,10,156,8
280,2244,10,537,8
254,1664,10,178,8
47,1014,10,101,8
13334,2460,9,338,8
13114,2707,9,205,6
13066,1333,9,122,4
12490,4369,9,547,9
11740,1346,9,350,8
11520,7216,9,714,8
11481,1100,9,140,8
11470,3700,9,360,9
10825,1900,9,240,9
10629,2597,9,374,9
10120,6514,9,476,7
10037,4390,9,543,8
9664,2684,9,543,9
8515,1145,9,234,7
8234,1171,9,132,8
7428,6431,9,605,9
7390,2193,9,200,8
6397,2299,9,215,9
5114,1699,9,122,9
4642,4016,9,381,5
3659,1620,9,119,7
2568,3163,9,302,9
2459,1355,9,178,9
2415,5177,9,625,8
2312,1084,9,82,9
1451,1247,9,138,8
1242,1311,9,230,4
1155,2713,9,438,9
13326,6348,8,584,8
12421,3517,8,336,8
11595,1398,8,145,8
10732,1894,8,104,5
10599,1088,8,180,8
10582,4447,8,279,3
9450,5593,8,498,8
8901,4922,8,485,7
8526,1256,8,115,3
8376,4440,8,446,7
8332,2418,8,298,8
7250,1454,8,282,8
7140,5395,8,388,5
6401,1593,8,175,7
6058,2975,8,332,8
5962,1072,8,77,4
5176,2432,8,315,7
5048,1221,8,123,6
5037,1201,8,121,7
4902,1055,8,142,8
3862,3293,8,302,7
3599,1007,8,160,7
2801,1077,8,213,8
2479,1169,8,129,8
1750,1951,8,220,8
1642,1233,8,239,6
1561,1052,8,166,7
1441,3578,8,250,6
410,1168,8,257,7
300,1669,8,191,8
24,1625,8,290,4
13318,1318,7,132,5
12142,1552,7,237,7
10708,1351,7,192,7
10360,1381,7,195,7
10085,1035,7,133,6
8966,3756,7,494,6
7450,1417,7,194,6
6754,4533,7,424,6
6700,3842,7,288,5
5878,1530,7,189,6
5214,1510,7,196,2
4700,1601,7,241,7
3770,1016,7,124,4
1110,2843,7,230,7
13670,1664,6,223,3
13080,2645,6,296,4
12375,1244,6,138,6
10637,1725,6,114,5
9610,1038,6,118,5
9327,1135,6,264,5
6249,1042,6,157,6
4709,2724,6,334,6
4533,1760,6,188,3
4505,2135,6,303,6
4295,1703,6,204,6
2758,1083,6,185,5
765,1152,6,143,6
740,5456,6,740,5
279,3159,6,275,5
13176,1705,5,410,5
12921,1814,5,193,5
12862,1081,5,116,5
11925,1535,5,325,4
11856,1001,5,83,4
11776,1985,5,314,5
11058,1117,5,145,4
8721,3137,5,312,4
8605,2698,5,200,5
8415,2075,5,235,5
6060,1332,5,192,5
4931,3542,5,249,3
4773,3427,5,425,5
3945,1076,5,141,5
3483,1034,5,257,5
3264,1053,5,103,5
3001,1310,5,271,3
1508,2373,5,302,5
11,8995,5,827,5
13883,1074,4,213,4
13615,1166,4,99,4
13486,1952,4,199,4
13107,2692,4,296,4
12996,2237,4,276,4
12018,1205,4,213,4
11340,1174,4,183,4
8639,1735,4,362,4
8560,1350,4,112,4
7573,1152,4,130,4
7383,6689,4,601,3
6526,1431,4,230,2
6295,3802,4,339,4
6082,1033,4,81,3
5951,3277,4,245,4
5622,1069,4,217,3
4965,1310,4,86,3
3921,1976,4,206,4
3877,1130,4,133,4
1601,1200,4,124,3
1213,1205,4,132,4
1166,2270,4,91,2
997,1133,4,217,4
85,1130,4,164,3
67,1221,4,105,4
13819,1547,3,292,3
13754,1544,3,246,3
13460,1325,3,165,2
10935,1295,3,200,3
10044,1385,3,66,3
9118,1654,3,127,3
8646,1155,3,201,2
7239,1639,3,282,2
7205,1556,3,391,3
6989,1422,3,352,3
6456,1920,3,268,2
4537,4440,3,411,3
2739,4155,3,489,3
2175,1250,3,137,3
547,2024,3,35,2
470,1970,3,212,3
12316,1053,2,150,2
11082,1354,2,142,2
10781,1164,2,158,1
8343,1137,2,126,2
6900,1410,2,168,2
6420,1199,2,301,2
4840,2696,2,166,2
3843,2383,2,436,2
2569,1023,2,83,2
2225,3991,2,294,2
1377,1540,2,75,2
597,1223,2,163,1
384,3154,2,474,2
297,1239,2,71,2
11832,1024,1,123,1
10699,1732,1,216,1
10155,2447,1,308,1
9836,1348,1,51,1
8512,1415,1,128,1
7233,1034,1,129,1
6588,2211,1,99,1
6315,3338,1,387,1
4984,1856,1,249,1
4781,1116,1,123,1
4651,1207,1,142,1
296,1223,1,238,1
12470,1957,0,184,0
10239,1108,0,195,0
9109,2823,0,113,0
8656,1113,0,144,0
8129,1083,0,196,0
6487,1044,0,127,0
5712,1282,0,194,0
5643,1326,0,117,0
5407,1250,0,160,0
3892,10587,0,539,0
3266,1556,0,261,0
1970,1266,0,71,0
934,1281,0,102,0
200,2689,0,286,0
