day,behavior_events,browse_events,favorite_events,cart_events,purchase_events,active_users,purchase_users,purchase_user_rate
2014-11-18,366701,345855,6904,10212,3730,6343,1539,0.24263
2014-11-19,358823,337870,7152,10115,3686,6420,1511,0.235358
2014-11-20,353429,332792,7167,10008,3462,6333,1492,0.235591
2014-11-21,333104,314572,6832,8679,3021,6276,1330,0.211918
2014-11-22,361355,340563,7252,9970,3570,6187,1411,0.228059
2014-11-23,382702,361221,7702,10432,3347,6373,1436,0.225326
2014-11-24,378342,357192,7333,10391,3426,6513,1524,0.233994
2014-11-25,370239,349392,7492,9891,3464,6351,1497,0.235711
2014-11-26,360896,340621,7324,9378,3573,6357,1487,0.233915
2014-11-27,371384,350040,7699,9975,3670,6359,1527,0.240132
2014-11-28,340638,321813,6484,9123,3218,6189,1442,0.232994
2014-11-29,364697,344127,7214,10145,3211,6224,1377,0.22124
2014-11-30,401620,379439,7786,10779,3616,6379,1534,0.240477
2014-12-01,394611,372095,7319,11288,3909,6544,1657,0.253209
2014-12-02,405216,382052,8022,11521,3621,6550,1585,0.241985
2014-12-03,411606,387497,8492,11732,3885,6585,1697,0.257707
2014-12-04,399952,376307,8559,11395,3691,6531,1585,0.242689
2014-12-05,361878,340976,7474,10109,3319,6367,1493,0.23449
2014-12-06,389610,367126,8323,10889,3272,6440,1452,0.225466
2014-12-07,399751,376596,8632,11267,3256,6422,1403,0.218468
2014-12-08,386667,364097,8236,10915,3419,6564,1551,0.236289
2014-12-09,398025,374261,8552,11763,3449,6566,1429,0.217636
2014-12-10,421910,397661,8753,12280,3216,6652,1442,0.216777
2014-12-11,488508,460329,9310,15643,3226,6894,1449,0.210183
2014-12-12,691712,641507,10446,24508,15251,7720,3897,0.504793
2014-12-13,407160,385337,7859,10486,3478,6776,1549,0.228601
2014-12-14,402541,380717,8128,10213,3483,6668,1506,0.225855
2014-12-15,398356,376624,7758,10210,3764,6787,1627,0.239723
2014-12-16,395085,373399,7749,10166,3771,6729,1650,0.245207
2014-12-17,384791,363757,7163,10256,3615,6643,1570,0.236339
2014-12-18,375597,354746,7440,9825,3586,6582,1552,0.235795
