cohort_day,active_users,day1_return_users,day1_return_rate,day7_return_users,day7_return_rate
2014-11-18,6343,5137,0.809869,4792,0.755478
2014-11-19,6420,5122,0.797819,4825,0.751558
2014-11-20,6333,5032,0.794568,4774,0.753829
2014-11-21,6276,4898,0.780433,4647,0.74044
2014-11-22,6187,4946,0.799418,4573,0.73913
2014-11-23,6373,5103,0.800722,4781,0.750196
2014-11-24,6513,5131,0.787809,4941,0.758637
2014-11-25,6351,5058,0.79641,4868,0.766493
2014-11-26,6357,5025,0.790467,4886,0.768602
2014-11-27,6359,4903,0.771033,4811,0.756565
2014-11-28,6189,4825,0.779609,4588,0.741315
2014-11-29,6224,4946,0.794666,4667,0.749839
2014-11-30,6379,5068,0.794482,4774,0.748393
2014-12-01,6544,5247,0.801803,4938,0.754584
2014-12-02,6550,5278,0.805802,4981,0.760458
2014-12-03,6585,5237,0.795292,5024,0.762946
2014-12-04,6531,5071,0.776451,5135,0.78625
2014-12-05,6367,5014,0.787498,5464,0.858175
2014-12-06,6440,5059,0.785559,5006,0.777329
2014-12-07,6422,5091,0.792744,4921,0.766272
2014-12-08,6564,5241,0.798446,5087,0.774985
2014-12-09,6566,5279,0.80399,5063,0.771094
2014-12-10,6652,5454,0.819904,5093,0.765634
2014-12-11,6894,6134,0.889759,5161,0.748622
2014-12-12,7720,5990,0.775907,,
2014-12-13,6776,5354,0.790142,,
2014-12-14,6668,5395,0.809088,,
2014-12-15,6787,5453,0.803448,,
2014-12-16,6729,5350,0.795066,,
2014-12-17,6643,5265,0.792564,,
